AccountID,CustomerID,Account_Type,Open_Date,Balance,Credit_Score,Loan_Amount,Loan_Status
ACC00001,CUST0305,Checking,2018-06-07,363265,698,0,
ACC00002,CUST0319,Savings,2025-01-13,282169,405,0,
ACC00003,CUST0366,Savings,2020-01-22,397674,570,0,
ACC00004,CUST0211,Savings,2022-10-03,63610,802,401875,Rejected
ACC00005,CUST0406,Savings,2020-07-27,70843,824,458505,
ACC00006,CUST0152,Checking,2020-12-20,107237,331,163666,
ACC00007,CUST0109,CreditCard,2020-11-25,477177,692,120819,
ACC00008,CUST0076,Checking,2024-07-14,180903,339,0,
ACC00009,CUST0030,CreditCard,2015-12-02,174499,517,0,
ACC00010,CUST0314,Loan,2024-07-20,487025,381,0,
ACC00011,CUST0486,CreditCard,2024-02-29,130299,500,0,
ACC00012,CUST0117,Checking,2020-06-28,431722,746,278365,
ACC00013,CUST0415,Checking,2025-07-22,5668,727,0,Approved
ACC00014,CUST0356,Checking,2022-01-26,222542,337,18569,
ACC00015,CUST0192,Savings,2024-05-26,178267,510,0,
ACC00016,CUST0019,Savings,2017-11-25,335377,743,0,
ACC00017,CUST0432,Loan,2021-05-17,155489,626,207630,
ACC00018,CUST0173,CreditCard,2020-06-25,344126,526,0,
ACC00019,CUST0228,Savings,2022-05-13,106133,347,0,Rejected
ACC00020,CUST0350,Checking,2018-08-23,272895,317,0,
ACC00021,CUST0183,CreditCard,2020-05-29,308362,738,0,
ACC00022,CUST0113,Savings,2024-12-09,388793,486,258078,
ACC00023,CUST0183,Savings,2023-09-17,269496,644,0,Default
ACC00024,CUST0481,CreditCard,2018-02-15,210124,523,0,
ACC00025,CUST0146,Checking,2016-06-14,88835,787,485443,
ACC00026,CUST0319,Savings,2020-01-21,97493,528,0,
ACC00027,CUST0116,Checking,2023-10-04,291071,689,196007,
ACC00028,CUST0113,CreditCard,2018-03-30,172166,487,0,Default
ACC00029,CUST0251,Checking,2020-05-04,101948,569,335724,
ACC00030,CUST0476,Savings,2018-12-27,185194,609,0,
ACC00031,CUST0251,Savings,2020-09-18,29493,431,0,
ACC00032,CUST0303,Checking,2023-09-22,485463,371,0,
ACC00033,CUST0459,Checking,2024-07-22,466755,486,0,Default
ACC00034,CUST0313,CreditCard,2016-03-04,293851,785,0,
ACC00035,CUST0118,Savings,2019-01-30,199886,490,0,
ACC00036,CUST0301,CreditCard,2021-07-08,138368,721,0,
ACC00037,CUST0161,Savings,2021-08-22,156470,419,0,
ACC00038,CUST0401,Savings,2019-06-03,297986,519,5654,
ACC00039,CUST0198,Savings,2024-10-31,13261,352,59633,
ACC00040,CUST0260,Savings,2020-10-17,76709,750,0,Rejected
ACC00041,CUST0148,Checking,2025-03-24,95985,711,0,
ACC00042,CUST0240,Checking,2020-12-06,368760,536,0,
ACC00043,CUST0047,Savings,2023-10-01,449920,705,0,
ACC00044,CUST0475,Checking,2016-03-31,329317,721,0,
ACC00045,CUST0399,Savings,2023-12-30,293925,546,0,
ACC00046,CUST0198,CreditCard,2024-05-01,275796,371,0,
ACC00047,CUST0047,Loan,2022-08-09,267247,484,0,
ACC00048,CUST0078,Savings,2024-10-18,287644,305,485398,
ACC00049,CUST0124,Checking,2020-01-05,246404,505,0,
ACC00050,CUST0075,Savings,2024-05-02,100336,843,316011,Rejected
ACC00051,CUST0359,Savings,2019-12-11,428745,686,449244,
ACC00052,CUST0137,Savings,2016-02-25,113499,375,0,Rejected
ACC00053,CUST0090,CreditCard,2017-10-20,149524,476,0,
ACC00054,CUST0400,Checking,2016-09-13,311537,648,0,
ACC00055,CUST0325,Savings,2023-08-07,424390,554,0,
ACC00056,CUST0500,CreditCard,2021-05-02,457666,607,0,
ACC00057,CUST0061,Checking,2025-04-03,166508,644,222508,
ACC00058,CUST0138,CreditCard,2020-04-21,309550,426,0,Rejected
ACC00059,CUST0050,Checking,2019-10-06,325203,586,0,
ACC00060,CUST0259,Checking,2022-07-26,147026,786,0,
ACC00061,CUST0461,Savings,2018-10-02,344866,682,0,
ACC00062,CUST0107,Savings,2021-07-30,250819,705,0,
ACC00063,CUST0113,Loan,2019-09-13,12356,687,0,
ACC00064,CUST0350,Savings,2019-09-06,128128,824,0,
ACC00065,CUST0254,Loan,2016-12-03,491715,575,0,
ACC00066,CUST0118,Checking,2025-07-08,2187,799,0,
ACC00067,CUST0493,Savings,2016-04-22,339387,636,0,Rejected
ACC00068,CUST0198,Savings,2016-08-23,297242,780,0,Default
ACC00069,CUST0337,Savings,2020-05-13,485687,572,0,
ACC00070,CUST0365,Loan,2022-10-09,152297,357,0,
ACC00071,CUST0051,Checking,2016-11-28,134678,627,0,
ACC00072,CUST0245,Savings,2021-12-28,319764,408,0,Approved
ACC00073,CUST0403,Savings,2018-06-16,426044,578,373894,
ACC00074,CUST0426,Savings,2024-04-24,126270,627,394187,
ACC00075,CUST0035,Checking,2019-10-03,419705,614,0,
ACC00076,CUST0302,Savings,2018-03-11,276531,773,0,
ACC00077,CUST0410,CreditCard,2024-12-16,331607,410,429606,Approved
ACC00078,CUST0499,Savings,2019-12-04,465048,528,0,
ACC00079,CUST0069,Savings,2025-03-17,489196,796,149233,
ACC00080,CUST0349,Checking,2015-12-27,242998,455,0,Rejected
ACC00081,CUST0320,Checking,2020-01-04,395807,772,0,Approved
ACC00082,CUST0421,Loan,2016-09-13,241503,571,111379,Approved
ACC00083,CUST0468,Checking,2018-02-16,441732,301,231905,Approved
ACC00084,CUST0049,Savings,2018-03-17,353827,810,0,
ACC00085,CUST0405,Checking,2019-06-26,62061,585,0,
ACC00086,CUST0074,Savings,2021-09-05,235497,312,0,Default
ACC00087,CUST0192,Savings,2018-05-18,459952,797,0,Approved
ACC00088,CUST0261,Loan,2016-11-19,81257,537,0,
ACC00089,CUST0356,CreditCard,2018-06-11,61753,393,146835,
ACC00090,CUST0070,Loan,2021-08-21,346918,637,0,
ACC00091,CUST0090,Checking,2022-04-30,404303,470,98109,
ACC00092,CUST0260,Checking,2019-10-11,424032,766,0,
ACC00093,CUST0126,Savings,2023-05-23,23408,442,0,
ACC00094,CUST0231,Savings,2023-12-27,124116,500,0,Rejected
ACC00095,CUST0295,CreditCard,2018-01-28,498492,479,426175,
ACC00096,CUST0498,Savings,2024-07-19,131208,663,0,
ACC00097,CUST0419,CreditCard,2021-10-03,17413,778,128076,
ACC00098,CUST0129,CreditCard,2016-08-05,113650,770,163177,
ACC00099,CUST0280,Savings,2019-05-23,59500,683,0,
ACC00100,CUST0313,Checking,2024-01-12,346658,716,0,
ACC00101,CUST0100,Checking,2021-12-14,56358,607,0,
ACC00102,CUST0326,Savings,2019-12-05,66197,666,364014,Rejected
ACC00103,CUST0297,CreditCard,2017-12-11,493992,300,0,Approved
ACC00104,CUST0182,Checking,2022-09-30,223861,343,0,
ACC00105,CUST0174,Savings,2025-06-21,223492,397,0,
ACC00106,CUST0316,Checking,2015-11-24,261545,564,0,
ACC00107,CUST0364,Loan,2018-01-31,426070,439,0,
ACC00108,CUST0188,Savings,2023-04-07,76240,780,0,Rejected
ACC00109,CUST0057,CreditCard,2023-09-25,235595,536,0,Rejected
ACC00110,CUST0031,Savings,2020-12-27,221135,371,0,
ACC00111,CUST0084,CreditCard,2022-03-19,278466,489,0,
ACC00112,CUST0152,CreditCard,2017-12-08,375197,567,0,
ACC00113,CUST0473,Savings,2017-11-03,6968,620,0,
ACC00114,CUST0036,Savings,2022-11-08,289662,406,0,
ACC00115,CUST0213,CreditCard,2024-07-25,314069,531,0,
ACC00116,CUST0414,Checking,2023-07-07,190920,341,0,Rejected
ACC00117,CUST0408,CreditCard,2016-10-28,374044,438,251983,
ACC00118,CUST0364,Savings,2022-01-04,355566,572,352236,
ACC00119,CUST0106,CreditCard,2021-04-11,263844,780,0,
ACC00120,CUST0414,CreditCard,2016-05-22,355926,715,0,
ACC00121,CUST0342,Loan,2022-08-02,232076,805,0,
ACC00122,CUST0220,Savings,2019-02-19,23199,723,0,
ACC00123,CUST0391,Checking,2023-10-08,437805,706,0,Approved
ACC00124,CUST0163,Checking,2024-02-21,163187,689,497174,
ACC00125,CUST0439,Savings,2025-02-20,455150,641,93741,Rejected
ACC00126,CUST0220,Checking,2016-08-05,185388,792,0,
ACC00127,CUST0270,Savings,2022-01-20,5520,491,0,Default
ACC00128,CUST0120,CreditCard,2021-09-17,109814,798,0,
ACC00129,CUST0394,Checking,2018-04-26,167527,532,0,
ACC00130,CUST0336,Savings,2021-06-30,246356,526,0,
ACC00131,CUST0400,Checking,2023-10-09,479681,670,0,
ACC00132,CUST0182,Checking,2018-10-30,123364,438,0,Rejected
ACC00133,CUST0479,Savings,2018-08-23,434821,448,374653,
ACC00134,CUST0106,Loan,2020-04-04,14955,414,0,
ACC00135,CUST0217,Loan,2017-03-13,175121,749,0,
ACC00136,CUST0205,Checking,2025-07-24,144989,362,0,Approved
ACC00137,CUST0070,Savings,2024-03-14,463509,403,111471,
ACC00138,CUST0044,CreditCard,2023-03-05,471797,572,0,
ACC00139,CUST0329,Checking,2016-07-02,250144,305,0,Rejected
ACC00140,CUST0301,Savings,2022-04-09,64925,446,0,
ACC00141,CUST0228,Checking,2020-12-19,369360,483,8681,
ACC00142,CUST0184,Checking,2017-12-21,70269,327,0,
ACC00143,CUST0107,Checking,2018-05-04,424170,849,0,
ACC00144,CUST0084,Checking,2023-05-13,489887,418,0,
ACC00145,CUST0338,Checking,2025-08-10,465833,592,0,
ACC00146,CUST0250,Loan,2023-03-09,303602,670,0,
ACC00147,CUST0363,Savings,2019-08-21,351181,543,0,
ACC00148,CUST0441,CreditCard,2020-03-13,152185,517,0,
ACC00149,CUST0021,CreditCard,2015-10-25,99977,476,0,
ACC00150,CUST0196,Checking,2021-04-13,483442,598,0,
ACC00151,CUST0178,Checking,2020-04-10,306083,357,0,
ACC00152,CUST0417,Checking,2021-03-02,29345,568,213886,
ACC00153,CUST0475,Checking,2022-09-16,255688,607,0,
ACC00154,CUST0007,CreditCard,2022-11-30,439529,587,0,
ACC00155,CUST0070,Checking,2020-10-30,372251,404,170837,Rejected
ACC00156,CUST0127,Loan,2020-03-16,384010,527,0,
ACC00157,CUST0399,Savings,2018-09-11,485581,546,0,
ACC00158,CUST0466,Savings,2020-01-28,261798,793,0,Rejected
ACC00159,CUST0160,Checking,2020-05-05,493814,382,192646,
ACC00160,CUST0248,Savings,2023-10-19,331310,485,0,
ACC00161,CUST0203,Savings,2017-03-28,178933,551,0,
ACC00162,CUST0148,Savings,2020-12-28,97406,654,0,
ACC00163,CUST0472,Savings,2024-08-19,311442,509,0,
ACC00164,CUST0143,Savings,2019-08-28,440437,746,499927,Approved
ACC00165,CUST0432,Loan,2020-04-15,307086,759,0,
ACC00166,CUST0199,Savings,2019-09-18,3453,771,176635,Default
ACC00167,CUST0405,CreditCard,2024-10-07,102811,669,0,Rejected
ACC00168,CUST0426,CreditCard,2022-01-04,54935,791,0,Default
ACC00169,CUST0154,Loan,2020-06-01,384583,436,0,
ACC00170,CUST0492,Savings,2022-12-12,174442,666,397704,
ACC00171,CUST0376,CreditCard,2021-01-05,497148,483,0,Default
ACC00172,CUST0384,Checking,2018-05-15,270472,586,204519,Rejected
ACC00173,CUST0142,Checking,2018-11-19,15534,771,0,
ACC00174,CUST0313,Checking,2023-03-15,347424,674,0,Rejected
ACC00175,CUST0165,CreditCard,2019-11-26,478141,836,0,Rejected
ACC00176,CUST0314,Savings,2021-07-06,36320,810,0,Default
ACC00177,CUST0021,CreditCard,2020-09-12,49170,549,85730,
ACC00178,CUST0082,Checking,2020-06-10,100546,809,0,
ACC00179,CUST0069,CreditCard,2024-03-27,80201,372,242474,
ACC00180,CUST0131,Loan,2016-05-04,234473,581,295477,
ACC00181,CUST0087,Savings,2019-01-28,270784,659,0,
ACC00182,CUST0218,Loan,2015-11-10,231324,309,381565,
ACC00183,CUST0421,Savings,2019-05-12,484273,510,45870,
ACC00184,CUST0472,Savings,2017-11-08,161121,451,0,
ACC00185,CUST0305,Savings,2020-09-20,398834,304,0,
ACC00186,CUST0403,Savings,2017-08-01,233612,494,338245,Default
ACC00187,CUST0371,Checking,2021-05-31,187125,582,0,
ACC00188,CUST0345,Savings,2023-10-01,395136,763,0,
ACC00189,CUST0341,Savings,2020-11-20,306081,412,0,
ACC00190,CUST0384,Loan,2018-11-28,200796,570,0,
ACC00191,CUST0396,CreditCard,2018-06-15,143279,462,210232,
ACC00192,CUST0445,CreditCard,2021-04-06,196846,759,0,Rejected
ACC00193,CUST0425,CreditCard,2016-02-17,164044,404,0,
ACC00194,CUST0161,CreditCard,2020-12-11,404015,581,0,
ACC00195,CUST0178,Savings,2022-06-27,202160,461,0,
ACC00196,CUST0117,Savings,2016-11-14,422132,650,0,
ACC00197,CUST0196,CreditCard,2019-02-17,70463,733,0,
ACC00198,CUST0383,Savings,2022-03-02,93500,439,0,
ACC00199,CUST0490,Checking,2019-10-16,207772,770,0,
ACC00200,CUST0327,Savings,2022-04-11,37158,431,382078,Default
ACC00201,CUST0086,Savings,2019-05-18,84607,386,138501,
ACC00202,CUST0289,Checking,2021-05-06,381783,482,0,
ACC00203,CUST0081,Checking,2017-04-16,245017,667,0,
ACC00204,CUST0152,Checking,2024-11-06,333840,428,0,
ACC00205,CUST0061,Checking,2021-12-14,323654,545,0,
ACC00206,CUST0061,Savings,2019-02-17,120076,677,0,
ACC00207,CUST0354,Savings,2025-07-17,58692,448,204215,
ACC00208,CUST0028,CreditCard,2019-05-02,130841,732,0,
ACC00209,CUST0442,Checking,2016-09-20,192816,768,371378,
ACC00210,CUST0043,Savings,2020-05-11,277954,745,0,
ACC00211,CUST0169,CreditCard,2025-05-05,398342,780,0,Rejected
ACC00212,CUST0423,Savings,2019-12-02,161081,593,0,
ACC00213,CUST0086,Checking,2025-01-04,492336,442,0,
ACC00214,CUST0177,Savings,2018-11-27,111718,549,429315,
ACC00215,CUST0017,CreditCard,2019-09-24,353076,601,0,Default
ACC00216,CUST0098,Checking,2022-04-02,192,324,0,
ACC00217,CUST0454,Savings,2019-09-28,247536,369,0,
ACC00218,CUST0494,CreditCard,2016-07-08,36413,411,0,
ACC00219,CUST0198,Checking,2024-09-12,143888,663,0,
ACC00220,CUST0098,Savings,2024-11-18,39082,602,0,
ACC00221,CUST0065,Savings,2015-11-29,327192,770,0,
ACC00222,CUST0330,Savings,2017-11-20,123130,390,0,Default
ACC00223,CUST0341,Savings,2017-06-05,50940,829,0,
ACC00224,CUST0005,Checking,2016-05-13,163202,491,0,
ACC00225,CUST0002,CreditCard,2022-06-27,40142,541,0,Default
ACC00226,CUST0022,Checking,2016-10-02,36468,437,0,
ACC00227,CUST0112,Savings,2016-06-05,423914,644,0,
ACC00228,CUST0057,Savings,2024-11-22,141727,479,0,
ACC00229,CUST0066,Savings,2023-03-11,178969,802,102493,
ACC00230,CUST0330,Checking,2018-10-26,423291,502,0,
ACC00231,CUST0098,CreditCard,2023-06-28,402575,491,0,Rejected
ACC00232,CUST0144,Savings,2024-05-19,391192,304,196480,Default
ACC00233,CUST0368,CreditCard,2018-09-11,495413,536,0,
ACC00234,CUST0435,CreditCard,2024-08-16,236187,610,0,
ACC00235,CUST0125,Checking,2023-07-01,42056,848,436739,
ACC00236,CUST0167,CreditCard,2024-06-10,51831,355,126648,
ACC00237,CUST0086,Checking,2022-05-11,321335,742,292307,
ACC00238,CUST0076,Checking,2015-12-15,249664,536,0,
ACC00239,CUST0344,Checking,2020-09-08,384092,496,92508,
ACC00240,CUST0495,Checking,2024-04-09,426488,813,0,
ACC00241,CUST0424,Savings,2021-03-04,108117,748,0,
ACC00242,CUST0294,Savings,2016-07-24,276815,659,0,
ACC00243,CUST0444,Savings,2017-11-16,289192,329,0,
ACC00244,CUST0059,Checking,2018-08-08,469490,407,69926,Rejected
ACC00245,CUST0138,Savings,2018-04-28,288107,744,0,
ACC00246,CUST0099,Loan,2020-09-30,43954,737,0,
ACC00247,CUST0192,CreditCard,2016-10-12,465525,756,0,Approved
ACC00248,CUST0243,Checking,2019-04-12,233192,794,0,
ACC00249,CUST0319,Savings,2016-10-19,357574,546,0,Approved
ACC00250,CUST0049,CreditCard,2022-08-12,717,842,197718,
ACC00251,CUST0448,CreditCard,2022-06-24,273820,738,0,
ACC00252,CUST0032,CreditCard,2015-11-08,397650,577,0,
ACC00253,CUST0391,Savings,2018-12-07,180882,410,0,Approved
ACC00254,CUST0277,Checking,2023-11-03,496577,684,185388,
ACC00255,CUST0020,Savings,2024-08-07,118696,490,372508,
ACC00256,CUST0154,Savings,2021-03-29,487852,789,0,
ACC00257,CUST0383,CreditCard,2017-09-26,392974,725,282648,
ACC00258,CUST0068,CreditCard,2019-06-04,4994,704,204665,Approved
ACC00259,CUST0366,Checking,2024-11-01,266378,634,0,
ACC00260,CUST0372,CreditCard,2016-10-18,69300,508,0,
ACC00261,CUST0214,Checking,2018-08-01,306093,321,0,
ACC00262,CUST0143,Checking,2022-03-14,37405,507,0,Rejected
ACC00263,CUST0376,Savings,2025-07-02,297016,307,0,Default
ACC00264,CUST0232,Loan,2024-07-28,304359,828,217369,Rejected
ACC00265,CUST0213,Savings,2016-04-27,23185,465,0,
ACC00266,CUST0079,Loan,2021-05-06,174514,795,0,
ACC00267,CUST0214,CreditCard,2023-07-14,444975,728,0,
ACC00268,CUST0116,Savings,2020-06-18,303297,462,0,
ACC00269,CUST0092,Checking,2018-11-09,339679,665,215387,
ACC00270,CUST0270,CreditCard,2018-06-24,495239,825,0,
ACC00271,CUST0411,Checking,2018-05-30,133653,538,0,
ACC00272,CUST0381,Loan,2018-11-16,51717,371,0,Default
ACC00273,CUST0489,Loan,2022-04-29,2763,744,0,
ACC00274,CUST0168,Checking,2017-08-04,355054,808,0,
ACC00275,CUST0058,Savings,2023-07-17,55480,568,0,Default
ACC00276,CUST0284,Loan,2023-01-02,169831,714,0,
ACC00277,CUST0026,Checking,2016-10-21,207139,544,382411,
ACC00278,CUST0369,Savings,2018-11-18,118094,359,0,
ACC00279,CUST0447,Savings,2020-06-04,156379,305,0,
ACC00280,CUST0066,Checking,2024-10-26,227443,706,44236,
ACC00281,CUST0409,Loan,2018-07-23,11064,516,0,
ACC00282,CUST0248,CreditCard,2018-12-15,76848,325,0,
ACC00283,CUST0254,Checking,2020-03-18,37548,304,0,
ACC00284,CUST0387,Savings,2024-05-16,168017,831,0,
ACC00285,CUST0456,Savings,2021-08-16,441153,689,34992,
ACC00286,CUST0044,CreditCard,2024-04-13,268620,747,0,
ACC00287,CUST0097,Savings,2025-01-28,444972,445,0,
ACC00288,CUST0042,Savings,2019-06-02,352245,687,0,
ACC00289,CUST0500,Savings,2025-02-01,2382,548,0,Default
ACC00290,CUST0227,Checking,2021-03-14,442899,825,0,Approved
ACC00291,CUST0262,Loan,2024-05-24,481215,761,0,Default
ACC00292,CUST0167,Savings,2019-02-06,176348,312,0,
ACC00293,CUST0436,Checking,2023-07-13,426618,683,0,
ACC00294,CUST0279,Checking,2024-08-17,485097,698,301379,
ACC00295,CUST0089,Loan,2019-01-28,420162,318,0,
ACC00296,CUST0379,Savings,2022-07-07,79698,790,0,
ACC00297,CUST0178,Checking,2019-09-22,245762,718,291100,
ACC00298,CUST0427,Savings,2020-05-25,243381,636,0,Approved
ACC00299,CUST0403,CreditCard,2019-09-23,467149,718,0,
ACC00300,CUST0197,Checking,2020-05-04,415551,421,0,
ACC00301,CUST0307,Savings,2023-02-26,45095,731,0,
ACC00302,CUST0267,Checking,2017-08-16,473146,343,204757,
ACC00303,CUST0268,CreditCard,2025-07-04,392118,616,422876,
ACC00304,CUST0074,Savings,2016-08-26,289341,680,242268,Rejected
ACC00305,CUST0008,CreditCard,2022-01-23,389763,444,0,Default
ACC00306,CUST0408,Savings,2019-06-18,22010,626,268312,Default
ACC00307,CUST0476,Checking,2024-03-15,417339,662,0,
ACC00308,CUST0297,Checking,2018-12-27,350067,349,0,
ACC00309,CUST0164,CreditCard,2022-07-24,133962,364,0,
ACC00310,CUST0485,Savings,2017-12-08,486521,654,0,Approved
ACC00311,CUST0085,CreditCard,2021-12-07,392670,463,0,
ACC00312,CUST0072,CreditCard,2020-04-15,109162,440,0,
ACC00313,CUST0055,Checking,2017-01-05,383071,427,0,
ACC00314,CUST0393,CreditCard,2021-10-26,270170,697,0,
ACC00315,CUST0047,CreditCard,2022-09-17,327069,762,0,
ACC00316,CUST0399,Savings,2017-04-28,68842,486,127026,
ACC00317,CUST0432,Savings,2017-09-28,295809,489,0,
ACC00318,CUST0238,Loan,2021-12-16,271421,687,0,
ACC00319,CUST0104,Savings,2019-10-15,173311,728,0,
ACC00320,CUST0210,CreditCard,2020-02-23,440880,583,0,
ACC00321,CUST0042,Loan,2020-02-01,310152,536,0,
ACC00322,CUST0316,Savings,2023-08-22,276827,493,0,
ACC00323,CUST0468,Checking,2025-05-09,131742,586,0,
ACC00324,CUST0454,Checking,2016-09-07,220283,435,316741,
ACC00325,CUST0268,Checking,2024-12-15,148961,470,437348,
ACC00326,CUST0386,Savings,2016-04-23,448828,458,0,
ACC00327,CUST0263,Savings,2018-05-05,175607,500,0,
ACC00328,CUST0336,Checking,2020-12-23,340686,786,0,
ACC00329,CUST0387,CreditCard,2017-10-18,316463,803,0,
ACC00330,CUST0365,CreditCard,2019-01-04,245144,670,0,
ACC00331,CUST0259,Checking,2016-02-06,354211,402,0,
ACC00332,CUST0283,Savings,2018-05-07,152711,424,0,
ACC00333,CUST0114,Checking,2018-11-25,195784,612,0,
ACC00334,CUST0363,Savings,2024-07-09,409849,757,0,
ACC00335,CUST0040,Loan,2023-01-08,252217,529,0,
ACC00336,CUST0486,CreditCard,2021-01-26,427876,496,0,
ACC00337,CUST0417,CreditCard,2022-10-27,331119,722,0,
ACC00338,CUST0220,Loan,2017-02-01,163244,470,0,
ACC00339,CUST0129,Savings,2024-04-24,452413,681,0,
ACC00340,CUST0008,CreditCard,2022-11-22,101158,472,0,
ACC00341,CUST0101,Savings,2019-05-14,452063,752,467927,Default
ACC00342,CUST0416,Loan,2021-08-09,273721,649,0,
ACC00343,CUST0380,Savings,2023-10-28,339443,793,393333,
ACC00344,CUST0176,CreditCard,2021-12-21,282320,303,0,
ACC00345,CUST0107,CreditCard,2024-08-26,437602,392,0,
ACC00346,CUST0101,Savings,2023-02-05,63972,305,0,
ACC00347,CUST0260,Savings,2018-03-12,382162,587,277869,
ACC00348,CUST0478,CreditCard,2022-08-30,483007,445,0,
ACC00349,CUST0454,Checking,2021-08-25,434219,723,0,
ACC00350,CUST0366,Savings,2019-12-01,282140,756,0,Approved
ACC00351,CUST0246,Savings,2020-05-22,100922,501,0,
ACC00352,CUST0275,Savings,2024-12-25,348742,511,0,Approved
ACC00353,CUST0032,CreditCard,2016-10-24,35931,305,0,
ACC00354,CUST0137,Checking,2019-07-22,124168,675,478006,
ACC00355,CUST0012,Savings,2019-10-03,166782,746,0,
ACC00356,CUST0395,Savings,2023-06-03,123099,405,0,
ACC00357,CUST0302,Savings,2023-01-02,34693,700,0,Default
ACC00358,CUST0375,Savings,2016-12-21,428956,395,0,
ACC00359,CUST0016,Checking,2021-07-11,470457,687,0,
ACC00360,CUST0129,Savings,2019-02-01,108944,751,63560,
ACC00361,CUST0063,Savings,2021-09-23,224655,715,0,
ACC00362,CUST0109,CreditCard,2020-02-08,207574,803,0,
ACC00363,CUST0375,Savings,2017-05-07,279518,753,155953,Default
ACC00364,CUST0021,Checking,2016-06-24,469890,590,222364,
ACC00365,CUST0158,Checking,2025-06-23,247572,833,0,
ACC00366,CUST0269,Checking,2019-05-27,343615,492,231024,
ACC00367,CUST0162,Checking,2021-08-31,45913,449,185775,
ACC00368,CUST0260,Checking,2016-06-17,385827,814,0,Rejected
ACC00369,CUST0412,CreditCard,2015-11-26,197097,692,96288,
ACC00370,CUST0102,Checking,2018-11-26,306660,615,0,Default
ACC00371,CUST0223,Checking,2018-09-28,87796,375,0,
ACC00372,CUST0059,CreditCard,2024-10-11,288213,569,0,
ACC00373,CUST0247,Checking,2020-01-21,380477,524,0,
ACC00374,CUST0128,Savings,2020-11-29,449449,829,0,
ACC00375,CUST0283,Savings,2025-05-02,84811,412,0,
ACC00376,CUST0325,Savings,2020-09-01,190121,550,0,
ACC00377,CUST0025,CreditCard,2018-10-23,232892,532,0,
ACC00378,CUST0131,CreditCard,2023-08-16,380172,382,0,Approved
ACC00379,CUST0353,Loan,2023-09-19,39178,424,0,
ACC00380,CUST0196,Checking,2020-09-06,294965,474,0,
ACC00381,CUST0281,Checking,2018-02-13,444943,368,493815,
ACC00382,CUST0404,Savings,2019-03-08,454151,346,0,
ACC00383,CUST0418,Checking,2023-11-29,16999,555,378957,
ACC00384,CUST0154,Checking,2018-07-02,455738,329,0,
ACC00385,CUST0382,Loan,2017-09-05,300856,580,0,
ACC00386,CUST0133,Savings,2020-10-17,195623,536,0,
ACC00387,CUST0227,Checking,2025-07-26,171244,547,0,
ACC00388,CUST0189,Checking,2019-01-21,295866,667,0,
ACC00389,CUST0476,Checking,2017-11-23,272769,794,0,
ACC00390,CUST0477,Checking,2016-01-04,198237,324,349912,Approved
ACC00391,CUST0265,CreditCard,2024-04-15,469725,789,0,
ACC00392,CUST0372,Savings,2020-06-14,6859,793,0,
ACC00393,CUST0486,CreditCard,2018-04-30,434825,613,0,
ACC00394,CUST0434,Checking,2016-05-20,436523,674,0,
ACC00395,CUST0134,CreditCard,2024-01-05,110986,324,79231,Rejected
ACC00396,CUST0211,CreditCard,2024-01-29,232654,633,0,
ACC00397,CUST0060,Savings,2024-08-04,283983,654,0,
ACC00398,CUST0428,Savings,2025-03-16,289360,415,0,Approved
ACC00399,CUST0377,Loan,2023-12-08,315097,347,0,Approved
ACC00400,CUST0395,Checking,2015-09-19,477697,398,0,
ACC00401,CUST0450,Loan,2017-10-01,453809,758,0,
ACC00402,CUST0431,Savings,2024-02-18,465291,822,0,Default
ACC00403,CUST0364,Checking,2021-12-31,49522,704,0,
ACC00404,CUST0364,CreditCard,2022-12-11,230233,513,0,
ACC00405,CUST0457,Loan,2023-09-04,398102,802,0,
ACC00406,CUST0213,Savings,2015-10-10,373393,747,0,
ACC00407,CUST0216,CreditCard,2024-11-08,7485,557,0,
ACC00408,CUST0226,Checking,2020-07-30,424671,420,460229,
ACC00409,CUST0470,Savings,2020-12-13,243056,353,0,
ACC00410,CUST0131,Checking,2023-05-05,409983,630,0,
ACC00411,CUST0076,Checking,2021-03-12,112701,540,0,
ACC00412,CUST0476,Loan,2021-10-18,421669,829,0,
ACC00413,CUST0286,Checking,2024-08-27,207352,782,0,
ACC00414,CUST0474,Savings,2023-07-28,102638,486,485721,
ACC00415,CUST0496,Savings,2022-06-16,184514,561,0,Rejected
ACC00416,CUST0277,Checking,2017-06-08,445093,663,0,
ACC00417,CUST0156,Savings,2020-09-17,274370,790,0,
ACC00418,CUST0248,CreditCard,2024-10-08,93405,730,0,
ACC00419,CUST0218,Savings,2024-12-19,284732,538,207278,
ACC00420,CUST0190,Loan,2015-10-20,210048,603,0,
ACC00421,CUST0417,Loan,2024-08-26,162781,597,0,
ACC00422,CUST0469,Checking,2022-04-07,441004,375,0,
ACC00423,CUST0163,Loan,2020-03-24,481247,632,0,
ACC00424,CUST0180,CreditCard,2025-03-04,37019,773,0,Rejected
ACC00425,CUST0034,Checking,2024-08-17,438164,582,0,Approved
ACC00426,CUST0041,Savings,2021-06-01,261497,371,0,
ACC00427,CUST0307,Checking,2017-08-03,65133,562,12837,
ACC00428,CUST0431,Checking,2025-05-21,376588,311,0,
ACC00429,CUST0338,CreditCard,2024-09-28,197530,440,183371,Approved
ACC00430,CUST0314,Checking,2020-07-02,379747,316,0,
ACC00431,CUST0075,CreditCard,2023-08-28,158598,362,0,Rejected
ACC00432,CUST0441,Checking,2022-08-16,466709,552,0,Rejected
ACC00433,CUST0279,Savings,2019-09-02,128585,764,0,Default
ACC00434,CUST0176,Loan,2025-01-22,445414,675,0,
ACC00435,CUST0384,Checking,2025-07-28,245172,819,0,
ACC00436,CUST0150,Savings,2020-03-31,492750,389,0,
ACC00437,CUST0273,Checking,2020-01-18,305539,474,0,
ACC00438,CUST0325,Savings,2024-11-20,417247,375,0,Default
ACC00439,CUST0108,Checking,2021-09-02,468758,699,0,
ACC00440,CUST0139,Checking,2017-02-25,125814,370,0,
ACC00441,CUST0350,Checking,2020-07-03,430917,479,0,
ACC00442,CUST0271,Loan,2018-12-17,374743,423,0,Approved
ACC00443,CUST0347,Checking,2023-06-11,25939,680,13720,
ACC00444,CUST0419,Savings,2016-12-16,442361,592,173733,
ACC00445,CUST0289,Checking,2016-11-30,413540,494,0,
ACC00446,CUST0212,Loan,2017-02-12,153939,527,229970,
ACC00447,CUST0381,Savings,2018-12-22,262347,730,0,Rejected
ACC00448,CUST0272,Savings,2019-12-29,409760,735,0,
ACC00449,CUST0418,Savings,2020-02-16,409115,760,419336,Default
ACC00450,CUST0066,Savings,2018-10-27,291207,320,0,
ACC00451,CUST0483,CreditCard,2024-01-27,90880,363,63655,
ACC00452,CUST0424,CreditCard,2021-04-30,3748,464,0,Rejected
ACC00453,CUST0248,Savings,2018-04-23,236094,326,98448,
ACC00454,CUST0156,Checking,2015-11-06,379413,610,0,
ACC00455,CUST0047,Savings,2017-04-16,459845,584,0,Rejected
ACC00456,CUST0423,Loan,2021-08-22,342908,580,0,
ACC00457,CUST0454,Loan,2015-10-20,151956,463,0,
ACC00458,CUST0201,Savings,2020-09-07,156255,523,0,
ACC00459,CUST0148,CreditCard,2023-01-22,474786,445,0,
ACC00460,CUST0124,CreditCard,2025-04-19,464462,329,0,
ACC00461,CUST0001,Savings,2024-03-09,370180,344,0,
ACC00462,CUST0456,Savings,2023-02-01,150331,770,0,
ACC00463,CUST0247,Checking,2022-02-20,167031,333,0,
ACC00464,CUST0343,CreditCard,2016-12-01,378669,726,0,Approved
ACC00465,CUST0128,Loan,2021-03-17,426673,520,0,
ACC00466,CUST0191,CreditCard,2015-09-28,347823,833,0,
ACC00467,CUST0067,CreditCard,2016-12-28,125829,666,0,Default
ACC00468,CUST0004,Checking,2017-05-12,128216,849,0,
ACC00469,CUST0442,CreditCard,2021-09-23,395319,415,0,
ACC00470,CUST0409,CreditCard,2022-03-26,65901,538,0,
ACC00471,CUST0303,Savings,2018-08-06,243386,634,0,Default
ACC00472,CUST0294,Checking,2024-12-11,175607,740,464822,Approved
ACC00473,CUST0143,CreditCard,2022-02-28,409319,447,0,
ACC00474,CUST0191,Savings,2021-02-19,98046,308,236226,
ACC00475,CUST0021,CreditCard,2020-02-19,352156,587,0,Rejected
ACC00476,CUST0227,Savings,2020-07-27,78278,687,452421,
ACC00477,CUST0313,Checking,2020-01-26,274535,349,246766,Rejected
ACC00478,CUST0117,CreditCard,2017-08-21,102476,816,0,
ACC00479,CUST0437,Savings,2024-01-12,422117,577,0,
ACC00480,CUST0302,Savings,2022-12-25,382865,599,362521,
ACC00481,CUST0500,Checking,2018-12-19,97537,434,0,
ACC00482,CUST0142,CreditCard,2016-04-28,343303,446,0,
ACC00483,CUST0484,Savings,2025-05-30,461130,789,0,
ACC00484,CUST0460,Loan,2024-01-25,393184,777,143266,
ACC00485,CUST0401,Savings,2022-06-07,181429,458,0,
ACC00486,CUST0039,Loan,2022-12-04,217980,683,0,Approved
ACC00487,CUST0393,Loan,2019-04-25,431653,462,217986,
ACC00488,CUST0355,Checking,2017-10-15,297647,740,0,
ACC00489,CUST0252,Checking,2019-05-05,489498,488,0,Rejected
ACC00490,CUST0333,Checking,2017-04-08,486675,714,0,
ACC00491,CUST0207,Checking,2021-07-15,75403,638,0,Rejected
ACC00492,CUST0210,Savings,2025-08-14,434474,480,0,
ACC00493,CUST0115,Savings,2016-01-10,426940,587,0,
ACC00494,CUST0225,Savings,2020-05-28,64286,486,0,Default
ACC00495,CUST0134,Checking,2019-11-15,336986,437,0,
ACC00496,CUST0251,Savings,2019-05-05,104927,429,0,
ACC00497,CUST0219,Checking,2025-08-14,277052,493,0,
ACC00498,CUST0407,Loan,2021-08-15,485833,615,419627,
ACC00499,CUST0443,Savings,2020-06-11,443842,443,0,
ACC00500,CUST0091,Checking,2017-03-02,299372,315,0,
ACC00501,CUST0354,Checking,2024-07-09,23386,601,0,
ACC00502,CUST0376,CreditCard,2022-09-14,177826,722,0,
ACC00503,CUST0046,Loan,2024-02-13,290446,544,0,
ACC00504,CUST0038,CreditCard,2019-12-25,322959,406,171280,
ACC00505,CUST0142,Loan,2021-07-16,252156,387,0,
ACC00506,CUST0100,Savings,2021-01-04,477964,428,0,
ACC00507,CUST0328,CreditCard,2023-06-06,325488,640,0,
ACC00508,CUST0190,CreditCard,2025-07-03,428834,303,260230,
ACC00509,CUST0035,Savings,2023-07-26,373747,626,0,
ACC00510,CUST0147,Loan,2018-06-15,469450,709,0,
ACC00511,CUST0030,Savings,2016-01-08,323258,605,0,
ACC00512,CUST0334,Checking,2019-11-23,248724,524,0,
ACC00513,CUST0084,Savings,2024-11-01,201202,647,0,
ACC00514,CUST0369,Checking,2024-11-25,25525,620,0,
ACC00515,CUST0281,CreditCard,2025-05-26,79818,480,0,
ACC00516,CUST0424,Checking,2019-02-18,114589,685,210827,Rejected
ACC00517,CUST0344,Checking,2019-01-16,145406,407,0,
ACC00518,CUST0270,Savings,2017-09-08,94715,830,0,
ACC00519,CUST0154,CreditCard,2016-05-20,193839,709,0,
ACC00520,CUST0102,Savings,2018-06-12,268788,595,0,Rejected
ACC00521,CUST0215,Checking,2021-08-09,363298,470,0,
ACC00522,CUST0150,Loan,2023-04-19,426149,630,0,
ACC00523,CUST0432,CreditCard,2022-01-11,257438,792,0,Approved
ACC00524,CUST0083,Checking,2023-05-16,305613,494,0,
ACC00525,CUST0110,CreditCard,2015-11-17,426903,311,0,
ACC00526,CUST0435,CreditCard,2018-08-17,368753,494,0,
ACC00527,CUST0387,CreditCard,2017-04-14,445872,789,0,
ACC00528,CUST0426,Checking,2018-03-09,410591,481,0,
ACC00529,CUST0275,Savings,2025-07-22,327350,615,0,
ACC00530,CUST0201,Savings,2016-11-15,358606,329,0,
ACC00531,CUST0284,Savings,2022-02-07,167679,395,0,
ACC00532,CUST0468,Checking,2019-08-21,83178,680,0,
ACC00533,CUST0173,Savings,2017-11-19,417209,743,0,
ACC00534,CUST0327,Checking,2018-09-10,175458,597,0,
ACC00535,CUST0206,Savings,2016-02-28,254466,660,0,
ACC00536,CUST0063,Savings,2015-12-15,439503,673,0,
ACC00537,CUST0073,CreditCard,2021-01-02,86724,602,0,Approved
ACC00538,CUST0251,Checking,2025-08-19,229204,720,0,
ACC00539,CUST0124,Savings,2016-02-09,486524,545,0,
ACC00540,CUST0375,CreditCard,2019-09-20,96393,536,0,
ACC00541,CUST0121,Savings,2017-04-12,389458,833,0,
ACC00542,CUST0275,CreditCard,2016-03-16,76312,484,0,
ACC00543,CUST0431,CreditCard,2024-12-18,491587,767,0,
ACC00544,CUST0500,Savings,2021-05-30,337468,662,0,Default
ACC00545,CUST0398,CreditCard,2020-03-03,71196,582,0,
ACC00546,CUST0120,Checking,2024-12-30,70014,635,0,Rejected
ACC00547,CUST0422,Checking,2017-09-04,401426,461,0,
ACC00548,CUST0437,Savings,2021-01-22,141994,459,0,
ACC00549,CUST0317,Savings,2024-01-29,429505,773,0,
ACC00550,CUST0164,Loan,2021-02-01,33340,621,0,
ACC00551,CUST0424,Savings,2022-07-26,301994,311,445977,
ACC00552,CUST0465,Checking,2025-04-14,450200,723,0,Approved
ACC00553,CUST0286,Checking,2025-06-20,496915,372,0,Default
ACC00554,CUST0265,Checking,2020-12-28,113711,500,0,
ACC00555,CUST0320,Savings,2019-03-04,215250,821,0,Default
ACC00556,CUST0161,Savings,2015-12-28,11094,804,0,Default
ACC00557,CUST0376,CreditCard,2021-11-17,350103,338,281601,
ACC00558,CUST0308,Savings,2020-10-28,426634,359,0,
ACC00559,CUST0089,Savings,2017-07-10,267885,620,108619,
ACC00560,CUST0142,Savings,2024-03-19,111585,734,0,
ACC00561,CUST0203,Checking,2018-11-27,465590,707,0,
ACC00562,CUST0309,CreditCard,2025-01-24,384708,685,0,
ACC00563,CUST0227,Savings,2020-12-27,68798,377,0,
ACC00564,CUST0489,Savings,2018-01-16,378170,493,404346,
ACC00565,CUST0443,Savings,2018-03-15,201604,584,0,
ACC00566,CUST0334,CreditCard,2021-04-12,110130,826,0,
ACC00567,CUST0222,Checking,2018-01-30,284308,823,0,
ACC00568,CUST0041,Checking,2016-05-08,166667,455,0,Rejected
ACC00569,CUST0196,CreditCard,2017-12-04,30257,639,0,Default
ACC00570,CUST0068,Checking,2025-05-04,407427,424,0,Rejected
ACC00571,CUST0476,CreditCard,2016-05-01,358133,579,0,
ACC00572,CUST0264,CreditCard,2019-09-25,398448,427,0,
ACC00573,CUST0002,Savings,2023-08-26,460969,613,0,
ACC00574,CUST0361,Savings,2017-12-13,52691,631,0,
ACC00575,CUST0125,Savings,2018-12-28,482981,449,345281,
ACC00576,CUST0110,Savings,2018-03-30,79768,753,0,Approved
ACC00577,CUST0086,Loan,2016-01-17,418829,335,0,
ACC00578,CUST0425,Checking,2023-09-19,14026,719,0,
ACC00579,CUST0120,Savings,2023-06-12,446751,321,0,
ACC00580,CUST0127,CreditCard,2024-02-13,225162,505,0,
ACC00581,CUST0255,Checking,2024-03-13,293052,655,0,Rejected
ACC00582,CUST0183,Savings,2018-10-06,445329,739,419021,Approved
ACC00583,CUST0016,Savings,2022-03-30,19610,395,0,Rejected
ACC00584,CUST0477,Checking,2023-09-24,177718,463,0,
ACC00585,CUST0062,CreditCard,2018-09-19,498357,447,0,
ACC00586,CUST0369,Savings,2021-04-07,325329,829,0,
ACC00587,CUST0432,Savings,2023-09-13,334711,593,0,
ACC00588,CUST0158,Checking,2019-12-14,178646,494,0,
ACC00589,CUST0268,Savings,2018-07-16,222123,779,482397,
ACC00590,CUST0035,Checking,2025-06-18,495236,422,94941,Rejected
ACC00591,CUST0267,Checking,2025-08-21,298326,699,0,
ACC00592,CUST0064,Savings,2023-04-09,378280,751,0,
ACC00593,CUST0494,Loan,2025-06-11,393786,403,0,Approved
ACC00594,CUST0050,Checking,2015-10-10,491006,761,349572,
ACC00595,CUST0469,Savings,2020-02-21,19288,695,0,
ACC00596,CUST0255,Checking,2019-09-30,340968,636,0,
ACC00597,CUST0149,CreditCard,2022-06-02,423093,441,0,
ACC00598,CUST0325,CreditCard,2016-09-19,84425,616,0,
ACC00599,CUST0304,Savings,2023-02-26,917,826,33481,
ACC00600,CUST0276,Loan,2015-10-27,337746,700,0,Approved
ACC00601,CUST0357,Checking,2016-09-19,488256,609,0,Rejected
ACC00602,CUST0451,Savings,2021-02-27,326719,794,0,Rejected
ACC00603,CUST0172,Savings,2023-11-14,334662,408,0,Approved
ACC00604,CUST0417,Savings,2016-10-01,253187,671,0,
ACC00605,CUST0201,CreditCard,2019-07-27,39104,505,108475,
ACC00606,CUST0445,Savings,2025-06-10,149134,342,0,Default
ACC00607,CUST0393,Savings,2019-03-27,279143,544,0,
ACC00608,CUST0324,CreditCard,2020-12-04,262091,586,0,Default
ACC00609,CUST0035,Savings,2019-05-01,455061,654,0,
ACC00610,CUST0465,Savings,2024-12-11,403157,775,0,
ACC00611,CUST0482,Savings,2022-08-30,61169,382,0,
ACC00612,CUST0216,Savings,2017-03-02,154542,409,0,
ACC00613,CUST0480,Savings,2025-07-05,129744,489,0,
ACC00614,CUST0065,Checking,2015-12-08,372828,550,0,
ACC00615,CUST0008,Savings,2017-11-20,59821,590,0,
ACC00616,CUST0301,Savings,2024-10-26,217741,500,0,Approved
ACC00617,CUST0343,CreditCard,2023-03-27,249265,625,0,Approved
ACC00618,CUST0431,Checking,2020-09-15,437651,810,0,Default
ACC00619,CUST0424,Checking,2023-04-30,397745,708,333634,
ACC00620,CUST0332,Checking,2023-04-18,214127,807,0,Approved
ACC00621,CUST0438,Savings,2016-02-16,274336,371,0,
ACC00622,CUST0076,Checking,2019-06-23,336246,546,261323,
ACC00623,CUST0174,Checking,2019-08-21,203834,643,356224,
ACC00624,CUST0047,Savings,2024-03-28,234538,353,0,
ACC00625,CUST0015,Loan,2024-10-05,377038,827,0,Approved
ACC00626,CUST0361,Savings,2024-01-05,86795,831,0,Rejected
ACC00627,CUST0147,CreditCard,2020-12-25,165159,492,0,
ACC00628,CUST0026,Savings,2015-11-09,328821,357,0,
ACC00629,CUST0308,CreditCard,2017-12-03,135699,736,0,
ACC00630,CUST0093,Checking,2018-05-26,449757,410,0,Rejected
ACC00631,CUST0406,CreditCard,2023-10-09,243877,428,290291,
ACC00632,CUST0232,Savings,2017-03-29,199298,625,0,Rejected
ACC00633,CUST0021,Checking,2019-09-04,498843,307,0,
ACC00634,CUST0307,Checking,2016-12-14,396471,328,249172,
ACC00635,CUST0038,CreditCard,2019-08-28,188505,411,0,
ACC00636,CUST0276,Checking,2025-03-28,136285,430,95925,Rejected
ACC00637,CUST0157,Checking,2024-10-21,102412,487,0,Approved
ACC00638,CUST0179,Checking,2018-03-18,19404,774,0,
ACC00639,CUST0132,Savings,2016-02-23,116545,663,0,
ACC00640,CUST0311,Checking,2016-08-25,418596,503,0,
ACC00641,CUST0455,Savings,2019-06-19,222128,511,0,
ACC00642,CUST0348,Loan,2025-04-19,150245,575,0,
ACC00643,CUST0028,CreditCard,2025-03-15,184099,372,0,Default
ACC00644,CUST0260,Loan,2021-06-09,286133,542,0,
ACC00645,CUST0406,Savings,2018-01-09,261657,401,0,
ACC00646,CUST0076,CreditCard,2024-04-24,370250,470,0,
ACC00647,CUST0429,CreditCard,2022-01-31,286663,487,0,Approved
ACC00648,CUST0067,Checking,2023-09-20,256875,740,0,
ACC00649,CUST0342,Checking,2020-08-01,284583,385,270976,
ACC00650,CUST0492,Savings,2019-01-13,380714,775,37332,
ACC00651,CUST0194,CreditCard,2025-03-02,470165,351,0,
ACC00652,CUST0472,Checking,2019-03-21,14995,410,0,Default
ACC00653,CUST0162,Savings,2023-09-26,23559,342,0,
ACC00654,CUST0347,Savings,2017-12-02,351193,510,82994,
ACC00655,CUST0439,Loan,2024-06-26,398237,499,0,
ACC00656,CUST0361,CreditCard,2022-01-19,98000,325,0,
ACC00657,CUST0257,Loan,2024-08-04,152191,598,0,Rejected
ACC00658,CUST0072,Checking,2024-10-28,444755,376,0,
ACC00659,CUST0087,Savings,2023-10-05,488051,436,0,Approved
ACC00660,CUST0422,Savings,2025-05-02,301494,319,0,
ACC00661,CUST0262,Savings,2016-04-05,439439,739,0,
ACC00662,CUST0214,Savings,2016-12-24,25517,510,0,
ACC00663,CUST0153,Savings,2022-01-11,471869,734,0,
ACC00664,CUST0210,Savings,2018-06-22,415466,506,0,Approved
ACC00665,CUST0401,Checking,2024-05-05,215558,738,0,
ACC00666,CUST0061,Loan,2020-08-06,476111,341,390751,
ACC00667,CUST0268,Checking,2024-04-18,351276,710,330188,Approved
ACC00668,CUST0262,CreditCard,2019-11-03,484282,822,0,
ACC00669,CUST0218,Checking,2017-01-16,460014,726,0,
ACC00670,CUST0283,Savings,2017-02-03,447415,574,0,Approved
ACC00671,CUST0136,Savings,2017-06-28,321690,747,366484,
ACC00672,CUST0467,Savings,2023-08-10,105686,668,0,Approved
ACC00673,CUST0380,Savings,2022-01-02,88151,519,0,
ACC00674,CUST0362,Checking,2020-06-28,265471,531,0,Rejected
ACC00675,CUST0449,Savings,2015-12-27,120318,627,0,
ACC00676,CUST0441,Savings,2017-12-23,422984,742,274579,
ACC00677,CUST0093,Savings,2017-12-19,195490,351,0,
ACC00678,CUST0109,Loan,2019-05-23,487602,675,0,
ACC00679,CUST0241,CreditCard,2016-07-19,173860,562,0,
ACC00680,CUST0355,CreditCard,2024-04-10,115945,566,0,
ACC00681,CUST0424,Savings,2016-03-31,213456,658,0,Default
ACC00682,CUST0142,CreditCard,2022-01-19,308974,616,0,
ACC00683,CUST0291,CreditCard,2023-07-11,52446,623,254717,
ACC00684,CUST0432,Checking,2024-05-19,498294,720,139479,
ACC00685,CUST0237,Loan,2022-06-09,408376,345,0,
ACC00686,CUST0340,Savings,2020-10-13,187655,568,0,
ACC00687,CUST0312,Loan,2023-09-22,427214,680,0,
ACC00688,CUST0177,Loan,2015-09-04,420446,417,0,
ACC00689,CUST0141,Savings,2024-01-14,140148,415,0,Default
ACC00690,CUST0189,Checking,2024-05-06,69341,559,0,
ACC00691,CUST0486,Loan,2022-07-24,31085,374,0,
ACC00692,CUST0049,Savings,2022-10-04,317715,779,0,
ACC00693,CUST0302,Checking,2024-01-01,407931,604,0,
ACC00694,CUST0369,Loan,2023-10-03,390452,306,0,Default
ACC00695,CUST0190,Checking,2019-04-15,5750,665,367612,
ACC00696,CUST0136,Savings,2023-11-24,376075,822,396351,
ACC00697,CUST0043,Checking,2023-10-21,340912,647,0,Approved
ACC00698,CUST0404,Savings,2021-12-24,35903,737,0,
ACC00699,CUST0380,Checking,2016-01-16,203561,514,452603,Approved
ACC00700,CUST0353,Savings,2020-01-17,425309,728,0,
ACC00701,CUST0090,Checking,2020-12-13,91036,797,0,Rejected
ACC00702,CUST0295,Checking,2023-10-05,87954,839,0,
ACC00703,CUST0341,CreditCard,2017-06-20,427530,666,449958,
ACC00704,CUST0245,Checking,2016-12-08,441441,612,307666,
ACC00705,CUST0433,Checking,2019-02-07,481201,837,0,
ACC00706,CUST0192,Checking,2018-05-01,345158,353,0,
ACC00707,CUST0318,Savings,2022-07-18,428395,840,0,
ACC00708,CUST0106,Checking,2023-12-12,117305,766,0,Rejected
ACC00709,CUST0363,Savings,2017-03-16,418554,463,366541,
ACC00710,CUST0310,Loan,2019-08-21,485651,633,8880,Default
ACC00711,CUST0382,Savings,2015-10-28,200753,846,0,
ACC00712,CUST0233,Checking,2020-12-15,32101,647,453927,
ACC00713,CUST0265,Checking,2017-10-12,2775,572,0,
ACC00714,CUST0344,Checking,2023-05-17,111497,713,0,
ACC00715,CUST0037,Savings,2022-11-29,490399,799,466537,Rejected
ACC00716,CUST0305,Checking,2020-12-05,45619,392,0,
ACC00717,CUST0041,Checking,2018-12-25,439054,378,0,
ACC00718,CUST0017,CreditCard,2019-06-19,252388,516,0,
ACC00719,CUST0344,Savings,2015-10-28,412755,657,458318,
ACC00720,CUST0277,Checking,2021-02-14,233346,806,0,Approved
ACC00721,CUST0307,Checking,2024-09-01,319268,480,0,
ACC00722,CUST0059,Checking,2016-08-01,65149,545,0,
ACC00723,CUST0423,Checking,2018-11-01,26616,543,0,
ACC00724,CUST0183,Checking,2023-08-01,472871,805,0,
ACC00725,CUST0041,Savings,2022-03-18,221767,721,0,
ACC00726,CUST0039,Savings,2022-01-12,185639,619,0,
ACC00727,CUST0397,Savings,2023-06-05,168171,386,0,Rejected
ACC00728,CUST0192,Savings,2016-11-23,206903,516,0,
ACC00729,CUST0267,Checking,2021-04-28,231318,789,417289,
ACC00730,CUST0494,Checking,2017-03-06,323943,818,369543,
ACC00731,CUST0147,Savings,2017-11-28,352365,577,0,
ACC00732,CUST0395,Loan,2021-08-12,377023,468,0,
ACC00733,CUST0333,Savings,2023-09-26,287623,629,0,
ACC00734,CUST0127,CreditCard,2024-04-05,439388,740,0,
ACC00735,CUST0046,Checking,2021-03-03,361309,690,0,
ACC00736,CUST0045,Savings,2025-05-21,55863,795,0,
ACC00737,CUST0001,Savings,2023-04-20,173115,680,0,
ACC00738,CUST0168,Checking,2020-02-01,344713,605,0,Rejected
ACC00739,CUST0108,Savings,2025-08-20,495654,812,361004,
ACC00740,CUST0019,Loan,2024-10-07,408624,487,29624,
ACC00741,CUST0332,Checking,2024-03-23,253347,815,0,
ACC00742,CUST0072,Loan,2023-08-09,189052,726,239784,
ACC00743,CUST0456,Savings,2015-09-21,476172,801,0,
ACC00744,CUST0445,CreditCard,2022-04-09,278495,559,0,
ACC00745,CUST0109,Checking,2024-12-28,135203,812,0,Approved
ACC00746,CUST0268,CreditCard,2023-12-07,247908,370,424972,
ACC00747,CUST0445,Savings,2023-07-20,306969,777,0,
ACC00748,CUST0240,Checking,2020-01-22,273493,477,0,
ACC00749,CUST0417,Checking,2024-12-11,192003,756,0,
ACC00750,CUST0301,CreditCard,2023-08-24,306398,488,0,
ACC00751,CUST0090,Savings,2023-08-30,300369,590,0,
ACC00752,CUST0103,CreditCard,2024-01-26,497599,819,0,
ACC00753,CUST0476,Savings,2023-07-29,274597,591,0,
ACC00754,CUST0250,CreditCard,2021-12-21,149886,582,180858,
ACC00755,CUST0453,CreditCard,2025-03-17,149335,843,0,
ACC00756,CUST0008,CreditCard,2023-10-12,77694,676,0,
ACC00757,CUST0153,Checking,2023-04-08,15735,455,0,
ACC00758,CUST0347,Checking,2022-05-03,409046,807,0,
ACC00759,CUST0174,Loan,2017-08-08,310037,712,0,
ACC00760,CUST0343,Savings,2018-03-13,175745,827,0,
ACC00761,CUST0158,Checking,2024-02-14,389150,654,0,
ACC00762,CUST0493,Checking,2023-02-02,220534,486,0,
ACC00763,CUST0431,CreditCard,2016-07-16,45066,330,0,
ACC00764,CUST0215,Savings,2022-01-08,231387,559,0,
ACC00765,CUST0177,Checking,2019-08-11,134445,720,0,
ACC00766,CUST0175,CreditCard,2023-03-29,403551,828,0,
ACC00767,CUST0340,Savings,2022-03-29,416957,603,0,Rejected
ACC00768,CUST0338,Loan,2021-06-16,272836,338,37930,
ACC00769,CUST0146,Savings,2015-10-14,440511,788,0,
ACC00770,CUST0450,Savings,2020-03-19,45541,841,0,
ACC00771,CUST0324,Savings,2018-03-05,165129,577,0,
ACC00772,CUST0478,Savings,2020-10-23,66983,502,0,Rejected
ACC00773,CUST0161,Loan,2016-09-18,150655,365,0,Approved
ACC00774,CUST0127,Savings,2017-02-28,153837,407,0,
ACC00775,CUST0420,Checking,2022-05-05,190359,567,0,
ACC00776,CUST0082,Savings,2017-05-09,417122,521,0,
ACC00777,CUST0485,Checking,2016-08-23,382891,829,0,Rejected
ACC00778,CUST0147,Checking,2024-03-31,347247,389,0,Approved
ACC00779,CUST0239,Savings,2025-02-24,210747,554,0,
ACC00780,CUST0412,Savings,2025-02-26,177597,754,0,
ACC00781,CUST0424,CreditCard,2020-07-26,169302,552,0,
ACC00782,CUST0084,Savings,2018-07-07,412736,556,0,
ACC00783,CUST0113,Checking,2018-02-05,478454,682,0,
ACC00784,CUST0225,Savings,2017-02-12,445150,741,0,Rejected
ACC00785,CUST0332,CreditCard,2024-11-12,287710,389,0,Approved
ACC00786,CUST0378,Savings,2019-11-24,335337,689,0,
ACC00787,CUST0243,Checking,2020-04-17,496440,343,0,
ACC00788,CUST0143,Savings,2025-06-14,423350,318,0,
ACC00789,CUST0041,Loan,2022-12-15,403561,400,0,
ACC00790,CUST0423,Savings,2022-10-29,252084,656,497442,
ACC00791,CUST0258,CreditCard,2025-07-17,121015,841,62241,
ACC00792,CUST0447,Checking,2021-09-15,172257,332,0,
ACC00793,CUST0285,Savings,2018-01-04,246536,528,70030,Rejected
ACC00794,CUST0105,CreditCard,2020-11-10,224021,823,182577,
ACC00795,CUST0202,Savings,2016-05-06,130956,454,0,
ACC00796,CUST0450,CreditCard,2017-01-08,70744,722,483394,
ACC00797,CUST0307,Loan,2024-07-25,295599,545,212397,
ACC00798,CUST0331,CreditCard,2023-09-05,421234,704,0,Rejected
ACC00799,CUST0461,Savings,2022-06-23,316363,840,0,
ACC00800,CUST0266,CreditCard,2018-08-18,308135,460,0,Approved
